{
    "frame_point_data":
    [
        [-10,0,0]
    ,   [-10,-5,0]
    ,   [-22,-5,0]
    ,   [-15,2,0]
    ,   [-18,4,0]
    ,   [0,2,0]
    ,   [-21,4,-1]
    ,   [-21,4,1]
    ,   [-16,5,0.5]
    ,   [-16,5,-0.5]
    ,   [-21,4,0]
    ,   [-16,5,0]
    ,   [-22,-5,1]
    ,   [-22,-5,-1]
    ,   [-16,-5,-1]
    ,   [-16,-5,1]
    ,   [-14,-5,0]
    ,   [-18,-1,0]
    ,   [-20,-2.5,-1]
    ,   [-20,-2.5,1]
    ]
,    "frame_line_data":
    [
        [2,17]
    ,   [17,16]
    ,   [17,15]
    ,   [16,13]
    ,   [15,14]
    ,   [4,6]
    ,   [4,5]
    ,   [4,2]
    ,   [13,14]
    ,   [2,6]
    ,   [4,18]
    ,   [18,19]
    ,   [18,20]
    ,   [20,13]
    ,   [19,14]
    ,   [2,6]
    ,   [7,10]
    ,   [8,9]
    ,   [11,12]
    ,   [7,8]
    ,   [9,10]
    ]
,   "wheel_point_data":
    [
        [5.0, 0.0, 0]
    ,   [4.75528258148, 1.54508497187, 0]
    ,   [4.04508497187, 2.93892626146, 0]
    ,   [2.93892626146, 4.04508497187, 0]
    ,   [1.54508497187, 4.75528258148, 0]
    ,   [0.0, 5.0, 0]
    ,   [-1.54508497187, 4.75528258148, 0]
    ,   [-2.93892626146, 4.04508497187, 0]
    ,   [-4.04508497187, 2.93892626146, 0]
    ,   [-4.75528258148, 1.54508497187, 0]
    ,   [-5.0, 0.0, 0]
    ,   [-4.75528258148, -1.54508497187, 0]
    ,   [-4.04508497187, -2.93892626146, 0]
    ,   [-2.93892626146, -4.04508497187, 0]
    ,   [-1.54508497187, -4.75528258148, 0]
    ,   [0.0, -5.0, 0]
    ,   [1.54508497187, -4.75528258148, 0]
    ,   [2.93892626146, -4.04508497187, 0]
    ,   [4.04508497187, -2.93892626146, 0]
    ,   [4.75528258148, -1.54508497187, 0]
    ]
,   "wheel_line_data":
    [
        [0,10]
    ,   [5,15]
    ,   [2,12]
    ,   [8,18]

    ,   [0,1]
    ,   [1,2]
    ,   [2,3]
    ,   [3,4]
    ,   [4,5]
    ,   [5,6]
    ,   [6,7]
    ,   [7,8]
    ,   [8,9]
    ,   [9,10]
    ,   [10,11]
    ,   [11,12]
    ,   [12,13]
    ,   [13,14]
    ,   [14,15]
    ,   [15,16]
    ,   [16,17]
    ,   [17,18]
    ,   [18,19]
    ,   [19,0]
    ]
,   "NOT_USED_comments":
    [
        "Why isn't point #0 (frame data) used??"
    ]
,   "NOT_USED_wheel_drawing_data_based_on_20_cirle_pts_with_index_offset_7":
    [
        [7,17]
    ,   [12,22]
    ,   [9,19]
    ,   [15,25]
    ,   [7,8]
    ,   [8,9]
    ,   [9,10]
    ,   [10,11]
    ,   [11,12]
    ,   [12,13]
    ,   [13,14]
    ,   [14,15]
    ,   [15,16]
    ,   [16,17]
    ,   [17,18]
    ,   [18,19]
    ,   [19,20]
    ,   [20,21]
    ,   [21,22]
    ,   [22,23]
    ,   [23,24]
    ,   [24,25]
    ,   [25,26]
    ,   [26,7]
    ]
,   "handlebar_point_data":
    [
        [0.5,7,0]
    ,   [0,3,0]
    ,   [0.5,7,6]
    ,   [0.5,7,-6]
    ,   [0,-2,-1]
    ,   [0,-2,1]
    ,   [0,-5,-1]
    ,   [0,-5,1]
    ,   [0,4,-2]
    ,   [0,4,2]
    ,   [0.5,7,-3]
    ,   [0.5,7,3]
    ,   [-0,4,0]
    ]
,   "handlebar_line_data":
    [
        [13,2]
    ,   [2,5]
    ,   [2,6]
    ,   [5,7]
    ,   [6,8]
    ,   [7,8]
    ,   [13,9]
    ,   [13,10]
    ,   [10,12]
    ,   [9,11]
    ,   [11,4]
    ,   [12,3]
    ,   [1,12]
    ,   [1,11]
    ]
}
